Name,Phone Number,Column 4,Column 5,Column 6,Column 7
Aaron Alphatops,555 533 0005,irrelavant info,irrelavant info,irrelavant info,irrelavant info
Al Lusion,555 483 4372,irrelavant info,irrelavant info,irrelavant info,irrelavant info
Al O. Vera,555 414 6750,irrelavant info,irrelavant info,irrelavant info,irrelavant info
Bea O'Problem,555 670 1303,irrelavant info,irrelavant info,irrelavant info,irrelavant info
Brock Lee,555 245 8671,irrelavant info,irrelavant info,irrelavant info,irrelavant info
Crystal Clear,555 385 6639,irrelavant info,irrelavant info,irrelavant info,irrelavant info
Dan Druff,555 570 1617,irrelavant info,irrelavant info,irrelavant info,irrelavant info
Ella Vator,555 342 0125,irrelavant info,irrelavant info,irrelavant info,irrelavant info
Gail Smith,555 729 2483,irrelavant info,irrelavant info,irrelavant info,irrelavant info
Ivy League,555 745 6650,irrelavant info,irrelavant info,irrelavant info,irrelavant info
John Appleseed,555 410 0224,irrelavant info,irrelavant info,irrelavant info,irrelavant info
Liam McLead,555 229 8816,irrelavant info,irrelavant info,irrelavant info,irrelavant info
Mel O. Dee,555 609 0601,irrelavant info,irrelavant info,irrelavant info,irrelavant info
Paige Turner,555 362 9535,irrelavant info,irrelavant info,irrelavant info,irrelavant info
Rick O'Shea,555 265 7098,irrelavant info,irrelavant info,irrelavant info,irrelavant info
Sal Monella,555 927 6988,irrelavant info,irrelavant info,irrelavant info,irrelavant info
Sue Flay,555 229 8428,irrelavant info,irrelavant info,irrelavant info,irrelavant info
Tina Mints,555 312 3378,irrelavant info,irrelavant info,irrelavant info,irrelavant info
Will Power,555 255 1171,irrelavant info,irrelavant info,irrelavant info,irrelavant info
,,,,,
,,,,,
,,,,,
,,,,,
,,,,,
,,,,,
,,,,,
,,,,,
,,,,,
,,,,,
,,,,,
,,,,,
,,,,,
